city,link,Name
Birmingham,https://rocktumbler.com/,Alabama Rock and Mineral Clubs
Dothan,https://www.shopperapproved.com/reviews/RockTumbler.com/,Alaska Rock and Mineral Clubs
Huntsville,https://rocktumbler.com/,Arizona Rock and Mineral Clubs
Mobile,https://rocktumbler.com/questions.shtml,Arkansas Rock and Mineral Clubs
Montgomery,https://rocktumbler.com/compare-rock-tumblers.shtml,California Rock and Mineral Clubs
Anchorage,https://rocktumbler.com/rotary.shtml,Colorado Rock and Mineral Clubs
Palmer,https://rocktumbler.com/vibratory.shtml,Connecticut Rock and Mineral Clubs
Apache Junction,https://rocktumbler.com/thumlers/,Delaware Rock and Mineral Clubs
Black Canyon City,https://rocktumbler.com/grit.shtml,Florida Rock and Mineral Clubs
Anthem,https://rocktumbler.com/polish/,Georgia Rock and Mineral Clubs
Miami,https://rocktumbler.com/rough/,Hawaii Rock and Mineral Clubs
Sierra Vista,https://rocktumbler.com/media.shtml,Idaho Rock and Mineral Clubs
Lake Havasu City,https://rocktumbler.com/tumbler-parts.shtml,Illinois Rock and Mineral Clubs
Scottsdale,https://rocktumbler.com/gemstones/,Indiana Rock and Mineral Clubs
Cottonwood,https://rocktumbler.com/tools/,Iowa Rock and Mineral Clubs
Kingman,https://rocktumbler.com/about-us.shtml,Kansas Rock and Mineral Clubs
Tucson,https://rocktumbler.com/,Kentucky Rock and Mineral Clubs
Prescott Valley,https://secure.rocktumbler.com/cgi-bin/UCEditor?MERCHANTID=MAPS&ThemeCode=RT,Louisiana Rock and Mineral Clubs
Quartzsite,#,Maine Rock and Mineral Clubs
Phoenix,https://rocktumbler.com/,Maryland Rock and Mineral Clubs
Sedona,https://rocktumbler.com/questions.shtml,Massachusetts Rock and Mineral Clubs
Bullhead City,https://rocktumbler.com/compare-rock-tumblers.shtml,Michigan Rock and Mineral Clubs
Pearce,https://rocktumbler.com/rotary.shtml,Minnesota Rock and Mineral Clubs
Tucson,https://rocktumbler.com/vibratory.shtml,Mississippi Rock and Mineral Clubs
Cottonwood,https://rocktumbler.com/thumlers/,Missouri Rock and Mineral Clubs
Buckeye,https://rocktumbler.com/grit.shtml,Montana Rock and Mineral Clubs
Show Low,https://rocktumbler.com/polish/,Nebraska Rock and Mineral Clubs
Wickenburg,https://rocktumbler.com/rough/,Nevada Rock and Mineral Clubs
Little Rock,https://rocktumbler.com/media.shtml,New Hampshire Rock and Mineral Clubs
Siloam Springs,https://rocktumbler.com/tumbler-parts.shtml,New Jersey Rock and Mineral Clubs
Mountain Home,https://rocktumbler.com/gemstones/,New Mexico Rock and Mineral Clubs
Sutter Creek,https://rocktumbler.com/tools/,New York Rock and Mineral Clubs
Anaheim,https://rocktumbler.com/about-us.shtml,North Carolina Rock and Mineral Clubs
Lancaster,https://rocktumbler.com/,North Dakota Rock and Mineral Clubs
Antioch,https://rocktumbler.com/questions.shtml,Ohio Rock and Mineral Clubs
Borrego Springs,#more,Oklahoma Rock and Mineral Clubs
Angels Camp,http://www.lapidaryclub.com/,Oregon Rock and Mineral Clubs
Pacific Grove,http://www.wiregrassrockhounds.com/,Pennsylvania Rock and Mineral Clubs
San Luis Obispo,http://huntsvillegms.org/,Rhode Island Rock and Mineral Clubs
Coalinga,http://www.mobilerockandgem.com/,South Carolina Rock and Mineral Clubs
Thousand Oaks,http://montgomerygemandmineralsociety.com/mgms/,South Dakota Rock and Mineral Clubs
Concord,http://www.chugachgemandmineralsociety.com/,Tennessee Rock and Mineral Clubs
Culver City,http://matsurockclub.com/,Texas Rock and Mineral Clubs
Northridge,http://www.ajrockclub.com/,Utah Rock and Mineral Clubs
Bellflower,http://www.bccrockclub.mysite.com/,Vermont Rock and Mineral Clubs
El Cajon,http://www.dmrmc.com/,Virginia Rock and Mineral Clubs
Placerville,http://gilagem.org/,Washington Rock and Mineral Clubs
Buena Park,http://www.huachucamineralandgemclub.info/,West Virginia Rock and Mineral Clubs
Fallbrook,http://www.lakehavasugms.org/,Wisconsin Rock and Mineral Clubs
Oroville,http://www.msaaz.org/,Wyoming Rock and Mineral Clubs
Yucca Valley,http://www.mingusclub.org/,Article Authored by
North Highlands,http://www.gemstoners.org/,"Images, text and code on this website are copyright by RockTumbler.com.  All other use is prohibited."
